-- Seed data for ManufacturingDB.
-- Contains at least 20 rows for each required table.

INSERT INTO product (product_id, sku, product_name, category, unit, is_active) VALUES
(1, 'PUMP-A100', 'Industrial Pump A100', 'Pumps', 'pcs', TRUE),
(2, 'CONV-C200', 'Conveyor Module C200', 'Conveyors', 'pcs', TRUE),
(3, 'CTRL-CP10', 'Control Panel CP10', 'Automation', 'pcs', TRUE),
(4, 'FRAM-SF50', 'Steel Frame SF50', 'Frames', 'pcs', TRUE),
(5, 'PRES-HP20', 'Hydraulic Press HP20', 'Presses', 'pcs', TRUE),
(6, 'PACK-PU30', 'Packaging Unit PU30', 'Packaging', 'pcs', TRUE),
(7, 'COOL-CM40', 'Cooling Module CM40', 'Cooling', 'pcs', TRUE),
(8, 'MIXR-MX15', 'Mixer MX15', 'Mixers', 'pcs', TRUE),
(9, 'SNSR-SK05', 'Sensor Kit SK05', 'Automation', 'set', TRUE),
(10, 'TANK-ST80', 'Storage Tank ST80', 'Tanks', 'pcs', TRUE),
(11, 'TABL-AT12', 'Assembly Table AT12', 'Workstations', 'pcs', TRUE),
(12, 'MOTR-EM75', 'Electric Motor EM75', 'Motors', 'pcs', TRUE),
(13, 'CUTS-CS60', 'Cutting Station CS60', 'Cutting', 'pcs', TRUE),
(14, 'DRYC-DC22', 'Drying Cabinet DC22', 'Drying', 'pcs', TRUE),
(15, 'VALV-VB09', 'Valve Block VB09', 'Valves', 'pcs', TRUE),
(16, 'DOSE-DU18', 'Dosing Unit DU18', 'Dosing', 'pcs', TRUE),
(17, 'FILT-FM33', 'Filtration Module FM33', 'Filtration', 'pcs', TRUE),
(18, 'ROBO-RA06', 'Robotic Arm RA06', 'Robotics', 'pcs', TRUE),
(19, 'HEAT-HE44', 'Heat Exchanger HE44', 'Heating', 'pcs', TRUE),
(20, 'LABL-LM11', 'Labeling Machine LM11', 'Labeling', 'pcs', TRUE);

INSERT INTO material (material_id, material_name, unit, stock_quantity, is_active) VALUES
(1, 'Stainless Steel Sheet', 'kg', 1200.000, TRUE),
(2, 'Aluminum Profile', 'm', 850.000, TRUE),
(3, 'Copper Wire', 'm', 2500.000, TRUE),
(4, 'Electronic Controller', 'pcs', 240.000, TRUE),
(5, 'Bearing Set', 'pcs', 320.000, TRUE),
(6, 'Hydraulic Oil', 'l', 900.000, TRUE),
(7, 'Rubber Gasket', 'pcs', 1800.000, TRUE),
(8, 'Industrial Paint', 'l', 450.000, TRUE),
(9, 'Fastener Kit', 'pcs', 1500.000, TRUE),
(10, 'Electric Cable', 'm', 2100.000, TRUE),
(11, 'Motor Housing', 'pcs', 180.000, TRUE),
(12, 'Plastic Cover', 'pcs', 700.000, TRUE),
(13, 'Pressure Sensor', 'pcs', 260.000, TRUE),
(14, 'Polyurethane Wheel', 'pcs', 540.000, TRUE),
(15, 'Glass Panel', 'pcs', 160.000, TRUE),
(16, 'Air Filter', 'pcs', 620.000, TRUE),
(17, 'Carbon Steel Pipe', 'm', 760.000, TRUE),
(18, 'Cooling Fan', 'pcs', 390.000, TRUE),
(19, 'Silicone Sealant', 'kg', 310.000, TRUE),
(20, 'Packaging Film', 'roll', 220.000, TRUE);

INSERT INTO bill_of_materials (bill_of_materials_id, product_id, material_id, quantity_required, scrap_percent) VALUES
(1, 1, 1, 12.500, 2.00),
(2, 2, 2, 18.000, 1.50),
(3, 3, 4, 1.000, 0.50),
(4, 4, 1, 22.000, 3.00),
(5, 5, 6, 8.000, 1.00),
(6, 6, 20, 2.000, 0.00),
(7, 7, 18, 2.000, 0.50),
(8, 8, 5, 4.000, 1.00),
(9, 9, 13, 3.000, 0.20),
(10, 10, 17, 14.000, 2.00),
(11, 11, 9, 1.000, 0.00),
(12, 12, 11, 1.000, 0.50),
(13, 13, 3, 35.000, 1.00),
(14, 14, 15, 2.000, 1.50),
(15, 15, 7, 6.000, 0.30),
(16, 16, 10, 18.000, 1.00),
(17, 17, 16, 4.000, 0.60),
(18, 18, 4, 2.000, 0.80),
(19, 19, 17, 11.000, 2.20),
(20, 20, 12, 3.000, 0.40);

INSERT INTO customer (customer_id, customer_name, email, phone, city, address) VALUES
(1, 'Alpha Manufacturing', 'orders@alpha.example', '+1-202-555-0101', 'Boston', '11 Industrial Ave'),
(2, 'Beta Components', 'sales@beta.example', '+1-202-555-0102', 'Chicago', '22 Plant Road'),
(3, 'Gamma Systems', 'supply@gamma.example', '+1-202-555-0103', 'Denver', '33 Market Street'),
(4, 'Delta Machines', 'orders@delta.example', '+1-202-555-0104', 'Seattle', '44 Dock Lane'),
(5, 'Epsilon Works', 'buy@epsilon.example', '+1-202-555-0105', 'Austin', '55 Factory Blvd'),
(6, 'Zeta Tools', 'orders@zeta.example', '+1-202-555-0106', 'Miami', '66 Ocean Drive'),
(7, 'Eta Logistics', 'procurement@eta.example', '+1-202-555-0107', 'Phoenix', '77 Warehouse Way'),
(8, 'Theta Labs', 'purchase@theta.example', '+1-202-555-0108', 'Portland', '88 Research Park'),
(9, 'Iota Engineering', 'orders@iota.example', '+1-202-555-0109', 'Dallas', '99 Energy Road'),
(10, 'Kappa Foods', 'supply@kappa.example', '+1-202-555-0110', 'Atlanta', '10 Packing Street'),
(11, 'Lambda Motors', 'orders@lambda.example', '+1-202-555-0111', 'Detroit', '101 Motor Ave'),
(12, 'Mu Fabrication', 'buy@mu.example', '+1-202-555-0112', 'Cleveland', '112 Steel Road'),
(13, 'Nu Electronics', 'orders@nu.example', '+1-202-555-0113', 'San Jose', '113 Circuit Lane'),
(14, 'Xi Packaging', 'supply@xi.example', '+1-202-555-0114', 'Orlando', '114 Label Drive'),
(15, 'Omicron Supply', 'orders@omicron.example', '+1-202-555-0115', 'Raleigh', '115 Commerce Blvd'),
(16, 'Pi Instruments', 'purchase@pi.example', '+1-202-555-0116', 'Madison', '116 Control Street'),
(17, 'Rho Assembly', 'orders@rho.example', '+1-202-555-0117', 'Nashville', '117 Workshop Road'),
(18, 'Sigma Robotics', 'supply@sigma.example', '+1-202-555-0118', 'San Diego', '118 Automation Ave'),
(19, 'Tau Energy', 'orders@tau.example', '+1-202-555-0119', 'Houston', '119 Heat Street'),
(20, 'Upsilon Trade', 'buy@upsilon.example', '+1-202-555-0120', 'New York', '120 Harbor Road');

INSERT INTO customer_order (customer_order_id, customer_id, order_date, status, total_amount) VALUES
(1, 1, '2026-01-05', 'closed', 2500.00),
(2, 2, '2026-01-09', 'shipped', 3400.00),
(3, 3, '2026-01-12', 'in_production', 3920.00),
(4, 4, '2026-01-18', 'closed', 4500.00),
(5, 5, '2026-01-24', 'new', 8700.00),
(6, 6, '2026-02-02', 'shipped', 8400.00),
(7, 7, '2026-02-06', 'closed', 13000.00),
(8, 8, '2026-02-14', 'new', 3100.00),
(9, 9, '2026-02-20', 'in_production', 6400.00),
(10, 10, '2026-03-01', 'closed', 10800.00),
(11, 11, '2026-03-07', 'shipped', 4320.00),
(12, 12, '2026-03-10', 'closed', 7120.00),
(13, 13, '2026-03-14', 'new', 6100.00),
(14, 14, '2026-03-19', 'in_production', 8400.00),
(15, 15, '2026-03-25', 'closed', 5160.00),
(16, 16, '2026-04-03', 'shipped', 4600.00),
(17, 17, '2026-04-08', 'new', 7400.00),
(18, 18, '2026-04-13', 'in_production', 12500.00),
(19, 19, '2026-04-17', 'closed', 7600.00),
(20, 20, '2026-04-22', 'shipped', 15600.00);

INSERT INTO product_price (product_price_id, product_id, price, price_date) VALUES
(1, 1, 1250.00, '2026-01-01'),
(2, 2, 3400.00, '2026-01-01'),
(3, 3, 980.00, '2026-01-01'),
(4, 4, 1500.00, '2026-01-01'),
(5, 5, 8700.00, '2026-01-01'),
(6, 6, 4200.00, '2026-01-01'),
(7, 7, 2600.00, '2026-01-01'),
(8, 8, 3100.00, '2026-01-01'),
(9, 9, 640.00, '2026-01-01'),
(10, 10, 5400.00, '2026-01-01'),
(11, 11, 720.00, '2026-01-01'),
(12, 12, 890.00, '2026-01-01'),
(13, 13, 6100.00, '2026-01-01'),
(14, 14, 2800.00, '2026-01-01'),
(15, 15, 430.00, '2026-01-01'),
(16, 16, 2300.00, '2026-01-01'),
(17, 17, 3700.00, '2026-01-01'),
(18, 18, 12500.00, '2026-01-01'),
(19, 19, 7600.00, '2026-01-01'),
(20, 20, 3900.00, '2026-01-01');

INSERT INTO material_price (material_price_id, material_id, price, price_date) VALUES
(1, 1, 18.50, '2026-01-01'),
(2, 2, 12.20, '2026-01-01'),
(3, 3, 2.80, '2026-01-01'),
(4, 4, 210.00, '2026-01-01'),
(5, 5, 45.00, '2026-01-01'),
(6, 6, 7.40, '2026-01-01'),
(7, 7, 1.20, '2026-01-01'),
(8, 8, 9.80, '2026-01-01'),
(9, 9, 6.50, '2026-01-01'),
(10, 10, 3.40, '2026-01-01'),
(11, 11, 160.00, '2026-01-01'),
(12, 12, 4.10, '2026-01-01'),
(13, 13, 95.00, '2026-01-01'),
(14, 14, 11.30, '2026-01-01'),
(15, 15, 75.00, '2026-01-01'),
(16, 16, 8.60, '2026-01-01'),
(17, 17, 14.70, '2026-01-01'),
(18, 18, 38.00, '2026-01-01'),
(19, 19, 16.40, '2026-01-01'),
(20, 20, 23.00, '2026-01-01');

INSERT INTO order_item (order_item_id, customer_order_id, product_id, quantity, price_per_unit) VALUES
(1, 1, 1, 2.000, 1250.00),
(2, 2, 2, 1.000, 3400.00),
(3, 3, 3, 4.000, 980.00),
(4, 4, 4, 3.000, 1500.00),
(5, 5, 5, 1.000, 8700.00),
(6, 6, 6, 2.000, 4200.00),
(7, 7, 7, 5.000, 2600.00),
(8, 8, 8, 1.000, 3100.00),
(9, 9, 9, 10.000, 640.00),
(10, 10, 10, 2.000, 5400.00),
(11, 11, 11, 6.000, 720.00),
(12, 12, 12, 8.000, 890.00),
(13, 13, 13, 1.000, 6100.00),
(14, 14, 14, 3.000, 2800.00),
(15, 15, 15, 12.000, 430.00),
(16, 16, 16, 2.000, 2300.00),
(17, 17, 17, 2.000, 3700.00),
(18, 18, 18, 1.000, 12500.00),
(19, 19, 19, 1.000, 7600.00),
(20, 20, 20, 4.000, 3900.00);
